USERNAME,EMAIL,PHONE
john_doe,john.doe@example.com,123-456-7890
jane_smith,jane.smith@example.com,234-567-8901
alex_jones,alex.jones@example.com,345-678-9012
emma_watson,emma.watson@example.com,456-789-0123
ryan_garcia,ryan.garcia@example.com,567-890-1234
sophie_turner,sophie.turner@example.com,678-901-2345
michael_jordan,michael.jordan@example.com,789-012-3456
olivia_perez,olivia.perez@example.com,890-123-4567
william_knight,william.knight@example.com,901-234-5678
lily_parker,lily.parker@example.com,012-345-6789
ethan_miller,ethan.miller@example.com,123-456-7890
oliver_hall,,234-567-8901
hannah_white,hannah.white@example.com,345-678-9012
david_wright,david.wright@example.com,456-789-0123
,ava.brown@example.com,567-890-1234
jacob_carter,jacob.carter@example.com,678-901-2345
grace_taylor,grace.taylor@example.com,789-012-3456
joseph_martin,joseph.martin@example.com,890-123-4567
sophia_baker,sophia.baker@example.com,901-234-5678
ethan_robinson,ethan.robinson@example.com,012-345-6789
olivia_harris,olivia.harris@example.com,123-456-7890
logan_anderson,logan.anderson@example.com,234-567-8901
emma_white,emma.white@example.com,345-678-9012
mason_jackson,mason.jackson@example.com,456-789-0123
ava_morris,ava.morris@example.com,567-890-1234
noah_hill,noah.hill@example.com,678-901-2345
lily_hall,lily.hall@example.com,789-012-3456
william_fisher,william.fisher@example.com,890-123-4567
mia_barnes,mia.barnes@example.com,901-234-5678
oliver_stewart,oliver.stewart@example.com,012-345-6789
amelia_parker,amelia.parker@example.com,123-456-7890
lucas_jones,lucas.jones@example.com,234-567-8901
ella_rodriguez,ella.rodriguez@example.com,345-678-9012
jackson_hill,jackson.hill@example.com,456-789-0123
ava_smith,ava.smith@example.com,567-890-1234
liam_williams,liam.williams@example.com,678-901-2345
chloe_campbell,chloe.campbell@example.com,789-012-3456
aiden_mitchell,aiden.mitchell@example.com,890-123-4567
zoey_ward,zoey.ward@example.com,901-234-5678
carter_brown,carter.brown@example.com,012-345-6789
madison_allen,madison.allen@example.com,123-456-7890
luke_thompson,luke.thompson@example.com,234-567-8901
layla_cook,layla.cook@example.com,345-678-9012
owen_green,owen.green@example.com,456-789-0123
sophia_knight,sophia.knight@example.com,567-890-1234
oliver_rivera,oliver.rivera@example.com,678-901-2345
lily_clark,lily.clark@example.com,789-012-3456
joseph_martin,joseph.martin@example.com,890-123-4567
carter_brown,carter.brown@example.com,012-345-6789
ava_smith,ava.smith@example.com,567-890-1234
